key,press_time,release_time,dwell_time_ms,flight_time_ms
T,1331635.523529,1331635.6024396,78.91,
Key.shift,1331635.3596127,1331635.6326411,273.03,-242.83
h,1331635.7129287,1331635.8128478,99.92,80.29
e,1331635.8727511,1331635.9821157,109.36,59.9
Key.space,1331636.0027444,1331636.061749,59.0,20.63
Key.shift,1331642.1930373,1331642.5347193,341.68,6131.29
u,1331643.0161599,1331643.0808201,64.66,438.53
c,1331643.4002429,1331643.489552,89.31,319.42
Key.left,1331644.780059,1331644.7861454,6.09,1290.51
k,1331644.7822382,1331644.8472445,65.01,-3.91
Key.space,1331644.9715862,1331645.0478462,76.26,124.34
f,1331645.3827057,1331645.4664297,83.72,334.86
o,1331646.1106452,1331646.2101187,99.47,644.22
x,1331646.2371787,1331646.3125702,75.39,27.06
Key.space,1331646.3735594,1331646.4279861,54.43,60.99
Key.shift,1331647.9976914,1331648.1926696,194.98,1569.71
u,1331648.2816769,1331648.3959812,114.3,89.01
m,1331648.8363027,1331648.9091734,72.87,440.32
p,1331649.0108357,1331649.0959546,85.12,101.66
s,1331649.1873302,1331649.2911887,103.86,91.38
Key.space,1331649.3172454,1331649.3915942,74.35,26.06
Key.shift,1331649.7882931,1331650.0594595,271.17,396.7
v,1331650.2248537,1331650.3894011,164.55,161.39
e,1331650.430849,1331650.5455285,114.68,41.45
r,1331650.6307257,1331650.7282578,97.53,85.2
Key.space,1331651.2246593,1331651.307255,82.6,496.4
Key.shift,1331654.3328228,1331654.5095317,176.71,3025.57
a,1331654.6347735,1331654.7381953,103.42,8.0
z,1331654.9655004,1331655.0537613,88.26,227.31
y,1331655.2722687,1331655.3430531,70.78,218.51
Key.space,1331655.4624359,1331655.5319408,69.5,119.38
Key.shift,1331655.6693362,1331655.9037043,234.37,137.4
o,1331656.2585913,1331656.3537423,95.15,330.22
g,1331656.9307077,1331657.0059913,75.28,576.97
Key.space,1331657.0496066,1331657.1365002,86.89,43.62
w,1331657.5209434,1331657.602349,81.41,384.44
h,1331657.6822928,1331657.7978567,115.56,79.94
i,1331657.7937455,1331657.8754947,81.75,-4.11
l,1331657.9868001,1331658.0874507,100.65,111.31
e,1331658.1274865,1331658.1942089,66.72,40.04
Key.space,1331658.1990165,1331658.2857742,86.76,4.81
t,1331658.5407498,1331658.5982336,57.48,254.98
h,1331658.7189997,1331658.8007375,81.74,120.77
e,1331658.8412282,1331658.9033288,62.1,40.49
Key.space,1331658.9250771,1331658.9933551,68.28,21.75
C,1331660.2897391,1331660.3602375,70.5,1296.38
Key.shift,1331659.8034808,1331660.3938507,590.37,-556.76
u,1331660.6783904,1331660.7414383,63.05,284.54
r,1331660.9795702,1331661.0703422,90.77,238.13
i,1331661.1192158,1331661.1815405,62.32,48.87
o,1331661.2928467,1331661.3676686,74.82,111.31
u,1331661.4840718,1331661.5529166,68.84,116.4
s,1331661.6056401,1331661.7014596,95.82,52.72
Key.space,1331661.7508794,1331661.8319368,81.06,49.42
S,1331662.1804389,1331662.2549034,74.46,348.5
Key.shift,1331661.951007,1331662.3198885,368.88,-303.9
t,1331662.4176677,1331662.4907815,73.11,97.78
u,1331662.6369952,1331662.719673,82.68,146.21
d,1331662.7886828,1331662.8604288,71.75,69.01
e,1331662.9752803,1331663.0745583,99.28,114.85
n,1331663.1080572,1331663.2085026,100.45,33.5
t,1331663.2207503,1331663.3077355,86.99,12.25
Key.space,1331665.1373581,1331665.2302027,92.84,1829.62
T,1331665.4741522,1331665.6408701,166.72,243.95
Key.shift,1331665.3111546,1331665.7007192,389.56,-329.72
p,1331665.970926,1331666.0505963,79.67,243.4
e,1331666.1091216,1331666.197279,88.16,58.53
s,1331666.3069779,1331666.4002987,93.32,109.7
Key.space,1331666.4195138,1331666.4928355,73.32,19.22
Key.shift,1331667.9940981,1331668.1995971,205.5,1501.26
a,1331668.345886,1331668.4601884,114.3,63.45
r,1331668.4329307,1331668.5141014,81.17,-27.26
e,1331668.6711674,1331668.7681337,96.97,157.07
f,1331668.919512,1331668.9834501,63.94,151.38
u,1331669.1970447,1331669.2632398,66.2,213.59
l,1331669.4013185,1331669.4727349,71.42,138.08
l,1331669.551357,1331669.6126297,61.27,78.62
y,1331669.6429596,1331669.7316679,88.71,30.33
Key.space,1331669.7729883,1331669.8416817,68.69,41.32
",",1331674.2661093,1331674.3403813,74.27,4424.43
Key.shift,1331676.385783,1331676.5641421,178.36,2045.4
E,1331677.597582,1331677.6656384,68.06,1033.44
Key.shift,1331677.4746122,1331677.6950119,220.4,-191.03
v,1331677.814714,1331677.9092417,94.53,119.7
e,1331677.991265,1331678.0918722,100.61,82.02
r,1331678.1857578,1331678.3219463,136.19,93.89
y,1331678.332939,1331678.4135665,80.63,10.99
Key.space,1331678.5493112,1331678.6356721,86.36,135.74
Key.shift,1331678.7351083,1331678.9569125,221.8,99.44
a,1331679.0774941,1331679.1833959,105.9,58.23
y,1331679.5142975,1331679.5901715,75.87,330.9
Key.space,1331679.788836,1331679.848349,59.51,198.66
!,1331682.9900272,1331683.0595634,69.54,3141.68
Key.shift,1331682.630342,1331683.1529587,522.62,-429.22
Key.space,1331684.9640446,1331685.0880917,124.05,1811.09
2,1331685.3793661,1331685.4938148,114.45,291.27
0,1331686.1751246,1331686.2725735,97.45,681.31
2,1331686.655423,1331686.7458756,90.45,382.85
6,1331686.8880524,1331686.9511517,63.1,142.18
Key.backspace,1331740.188682,1331740.2621841,73.5,53237.53
s,1331741.5791799,1331741.6846673,105.49,1317.0
u,1331741.856833,1331741.9134916,56.66,172.17
h,1331742.1237093,1331742.1946912,70.98,210.22
a,1331742.2905338,1331742.390318,99.78,95.84
Key.enter,1331742.8223702,1331742.8712779,48.91,432.05
Key.backspace,1331870.6780886,1331870.7888369,110.75,127806.81
s,1331871.8027033,1331871.9083424,105.64,1013.87
u,1331871.9110125,1331872.0822637,171.25,2.67
h,1331872.075026,1331872.1912677,116.24,-7.24
a,1331872.1938617,1331872.3037726,109.91,2.59
Key.enter,1331879.9808874,1331880.1056679,124.78,7677.11
s,1331975.926245,1331976.0322943,106.05,95820.58
u,1331976.2939147,1331976.3525275,58.61,261.62
h,1331976.6141679,1331976.661996,47.83,261.64
a,1331976.8207207,1331976.9215032,100.78,158.72
Key.enter,1331977.8318063,1331977.9301353,98.33,910.3
